Images,Kernels
m82_sl2_2,Kernel_HiRes_Gauss_01.5_to_Gauss_06.0
m82_sl2_3,Kernel_HiRes_Gauss_01.5_to_Gauss_06.0
m82_sl2_4,Kernel_HiRes_Gauss_01.5_to_Gauss_06.0
m82_sl2_5,Kernel_HiRes_Gauss_01.5_to_Gauss_06.0
m82_sl2_6,Kernel_HiRes_Gauss_01.5_to_Gauss_06.0
m82_sl2_7,Kernel_HiRes_Gauss_01.5_to_Gauss_06.0
m82_sl2_8,Kernel_HiRes_Gauss_01.5_to_Gauss_06.0
m82_sl2_9,Kernel_HiRes_Gauss_01.5_to_Gauss_06.0
m82_sl2_10,Kernel_HiRes_Gauss_01.5_to_Gauss_06.0
m82_sl2_11,Kernel_HiRes_Gauss_01.5_to_Gauss_06.0
m82_sl2_12,Kernel_HiRes_Gauss_01.5_to_Gauss_06.0
m82_sl2_13,Kernel_HiRes_Gauss_01.5_to_Gauss_06.0
m82_sl2_14,Kernel_HiRes_Gauss_01.5_to_Gauss_06.0
m82_sl2_15,Kernel_HiRes_Gauss_01.5_to_Gauss_06.0
m82_sl2_16,Kernel_HiRes_Gauss_01.5_to_Gauss_06.0
m82_sl2_17,Kernel_HiRes_Gauss_01.5_to_Gauss_06.0
m82_sl2_18,Kernel_HiRes_Gauss_01.5_to_Gauss_06.0
m82_sl2_19,Kernel_HiRes_Gauss_01.5_to_Gauss_06.0
m82_sl2_20,Kernel_HiRes_Gauss_01.5_to_Gauss_06.0
m82_sl2_21,Kernel_HiRes_Gauss_01.5_to_Gauss_06.0
m82_sl2_22,Kernel_HiRes_Gauss_01.5_to_Gauss_06.0
m82_sl2_23,Kernel_HiRes_Gauss_01.5_to_Gauss_06.0
m82_sl2_24,Kernel_HiRes_Gauss_01.5_to_Gauss_06.0
m82_sl2_25,Kernel_HiRes_Gauss_01.5_to_Gauss_06.0
m82_sl2_26,Kernel_HiRes_Gauss_01.5_to_Gauss_06.0
m82_sl2_27,Kernel_HiRes_Gauss_01.5_to_Gauss_06.0
m82_sl2_28,Kernel_HiRes_Gauss_01.5_to_Gauss_06.0
m82_sl2_29,Kernel_HiRes_Gauss_01.5_to_Gauss_06.0
m82_sl2_30,Kernel_HiRes_Gauss_01.5_to_Gauss_06.0
m82_sl2_31,Kernel_HiRes_Gauss_01.5_to_Gauss_06.0
m82_sl2_32,Kernel_HiRes_Gauss_01.5_to_Gauss_06.0
m82_sl2_33,Kernel_HiRes_Gauss_01.5_to_Gauss_06.0
m82_sl2_34,Kernel_HiRes_Gauss_01.5_to_Gauss_06.0
m82_sl2_35,Kernel_HiRes_Gauss_01.5_to_Gauss_06.0
m82_sl2_36,Kernel_HiRes_Gauss_01.5_to_Gauss_06.0
m82_sl2_37,Kernel_HiRes_Gauss_01.5_to_Gauss_06.0
m82_sl2_38,Kernel_HiRes_Gauss_01.5_to_Gauss_06.0
m82_sl2_39,Kernel_HiRes_Gauss_01.5_to_Gauss_06.0
m82_sl2_40,Kernel_HiRes_Gauss_01.5_to_Gauss_06.0
m82_sl2_41,Kernel_HiRes_Gauss_01.5_to_Gauss_06.0
m82_sl2_42,Kernel_HiRes_Gauss_01.5_to_Gauss_06.0
m82_sl2_43,Kernel_HiRes_Gauss_01.5_to_Gauss_06.0
m82_sl2_44,Kernel_HiRes_Gauss_01.5_to_Gauss_06.0
m82_sl2_45,Kernel_HiRes_Gauss_01.5_to_Gauss_06.0
m82_sl2_46,Kernel_HiRes_Gauss_01.5_to_Gauss_06.0
m82_sl2_47,Kernel_HiRes_Gauss_01.5_to_Gauss_06.0
m82_sl2_48,Kernel_HiRes_Gauss_01.5_to_Gauss_06.0
m82_sl2_49,Kernel_HiRes_Gauss_01.5_to_Gauss_06.0
m82_sl2_50,Kernel_HiRes_Gauss_01.5_to_Gauss_06.0
m82_sl2_51,Kernel_HiRes_Gauss_01.5_to_Gauss_06.0
m82_sl2_52,Kernel_HiRes_Gauss_01.5_to_Gauss_06.0
m82_sl2_53,Kernel_HiRes_Gauss_01.5_to_Gauss_06.0
m82_sl2_54,Kernel_HiRes_Gauss_01.5_to_Gauss_06.0
m82_sl2_55,Kernel_HiRes_Gauss_01.5_to_Gauss_06.0
m82_sl2_56,Kernel_HiRes_Gauss_01.5_to_Gauss_06.0
m82_sl2_57,Kernel_HiRes_Gauss_01.5_to_Gauss_06.0
m82_sl2_58,Kernel_HiRes_Gauss_01.5_to_Gauss_06.0
m82_sl2_59,Kernel_HiRes_Gauss_01.5_to_Gauss_06.0
m82_sl2_60,Kernel_HiRes_Gauss_01.5_to_Gauss_06.0
m82_sl2_61,Kernel_HiRes_Gauss_01.5_to_Gauss_06.0
m82_sl2_62,Kernel_HiRes_Gauss_01.5_to_Gauss_06.0
m82_sl2_63,Kernel_HiRes_Gauss_01.5_to_Gauss_06.0
m82_sl2_64,Kernel_HiRes_Gauss_01.5_to_Gauss_06.0
m82_sl2_65,Kernel_HiRes_Gauss_01.5_to_Gauss_06.0
m82_sl2_66,Kernel_HiRes_Gauss_01.5_to_Gauss_06.0
m82_sl2_67,Kernel_HiRes_Gauss_01.5_to_Gauss_06.0
m82_sl2_68,Kernel_HiRes_Gauss_01.5_to_Gauss_06.0
m82_sl2_69,Kernel_HiRes_Gauss_01.5_to_Gauss_06.0
m82_sl2_70,Kernel_HiRes_Gauss_01.5_to_Gauss_06.0
m82_sl2_71,Kernel_HiRes_Gauss_01.5_to_Gauss_06.0
m82_sl2_72,Kernel_HiRes_Gauss_01.5_to_Gauss_06.0
m82_sl2_73,Kernel_HiRes_Gauss_01.5_to_Gauss_06.0
m82_sl2_74,Kernel_HiRes_Gauss_01.5_to_Gauss_06.0
m82_sl1_2,Kernel_HiRes_Gauss_01.5_to_Gauss_06.0
m82_sl1_3,Kernel_HiRes_Gauss_01.5_to_Gauss_06.0
m82_sl1_4,Kernel_HiRes_Gauss_01.5_to_Gauss_06.0
m82_sl1_5,Kernel_HiRes_Gauss_01.5_to_Gauss_06.0
m82_sl1_6,Kernel_HiRes_Gauss_01.5_to_Gauss_06.0
m82_sl1_7,Kernel_HiRes_Gauss_01.5_to_Gauss_06.0
m82_sl1_8,Kernel_HiRes_Gauss_01.5_to_Gauss_06.0
m82_sl1_9,Kernel_HiRes_Gauss_01.5_to_Gauss_06.0
m82_sl1_10,Kernel_HiRes_Gauss_01.5_to_Gauss_06.0
m82_sl1_11,Kernel_HiRes_Gauss_01.5_to_Gauss_06.0
m82_sl1_12,Kernel_HiRes_Gauss_01.5_to_Gauss_06.0
m82_sl1_13,Kernel_HiRes_Gauss_01.5_to_Gauss_06.0
m82_sl1_14,Kernel_HiRes_Gauss_01.5_to_Gauss_06.0
m82_sl1_15,Kernel_HiRes_Gauss_01.5_to_Gauss_06.0
m82_sl1_16,Kernel_HiRes_Gauss_01.5_to_Gauss_06.0
m82_sl1_17,Kernel_HiRes_Gauss_01.5_to_Gauss_06.0
m82_sl1_18,Kernel_HiRes_Gauss_01.5_to_Gauss_06.0
m82_sl1_19,Kernel_HiRes_Gauss_01.5_to_Gauss_06.0
m82_sl1_20,Kernel_HiRes_Gauss_01.5_to_Gauss_06.0
m82_sl1_21,Kernel_HiRes_Gauss_01.5_to_Gauss_06.0
m82_sl1_22,Kernel_HiRes_Gauss_01.5_to_Gauss_06.0
m82_sl1_23,Kernel_HiRes_Gauss_01.5_to_Gauss_06.0
m82_sl1_24,Kernel_HiRes_Gauss_01.5_to_Gauss_06.0
m82_sl1_25,Kernel_HiRes_Gauss_01.5_to_Gauss_06.0
m82_sl1_26,Kernel_HiRes_Gauss_01.5_to_Gauss_06.0
m82_sl1_27,Kernel_HiRes_Gauss_01.5_to_Gauss_06.0
m82_sl1_28,Kernel_HiRes_Gauss_01.5_to_Gauss_06.0
m82_sl1_29,Kernel_HiRes_Gauss_01.5_to_Gauss_06.0
m82_sl1_30,Kernel_HiRes_Gauss_01.5_to_Gauss_06.0
m82_sl1_31,Kernel_HiRes_Gauss_01.5_to_Gauss_06.0
m82_sl1_32,Kernel_HiRes_Gauss_01.5_to_Gauss_06.0
m82_sl1_33,Kernel_HiRes_Gauss_01.5_to_Gauss_06.0
m82_sl1_34,Kernel_HiRes_Gauss_01.5_to_Gauss_06.0
m82_sl1_35,Kernel_HiRes_Gauss_01.5_to_Gauss_06.0
m82_sl1_36,Kernel_HiRes_Gauss_01.5_to_Gauss_06.0
m82_sl1_37,Kernel_HiRes_Gauss_01.5_to_Gauss_06.0
m82_sl1_38,Kernel_HiRes_Gauss_01.5_to_Gauss_06.0
m82_sl1_39,Kernel_HiRes_Gauss_01.5_to_Gauss_06.0
m82_sl1_40,Kernel_HiRes_Gauss_01.5_to_Gauss_06.0
m82_sl1_41,Kernel_HiRes_Gauss_01.5_to_Gauss_06.0
m82_sl1_42,Kernel_HiRes_Gauss_01.5_to_Gauss_06.0
m82_sl1_43,Kernel_HiRes_Gauss_01.5_to_Gauss_06.0
m82_sl1_44,Kernel_HiRes_Gauss_01.5_to_Gauss_06.0
m82_sl1_45,Kernel_HiRes_Gauss_01.5_to_Gauss_06.0
m82_sl1_46,Kernel_HiRes_Gauss_01.5_to_Gauss_06.0
m82_sl1_47,Kernel_HiRes_Gauss_01.5_to_Gauss_06.0
m82_sl1_48,Kernel_HiRes_Gauss_01.5_to_Gauss_06.0
m82_sl1_49,Kernel_HiRes_Gauss_01.5_to_Gauss_06.0
m82_sl1_50,Kernel_HiRes_Gauss_01.5_to_Gauss_06.0
m82_sl1_51,Kernel_HiRes_Gauss_01.5_to_Gauss_06.0
m82_sl1_52,Kernel_HiRes_Gauss_01.5_to_Gauss_06.0
m82_sl1_53,Kernel_HiRes_Gauss_01.5_to_Gauss_06.0
m82_sl1_54,Kernel_HiRes_Gauss_01.5_to_Gauss_06.0
m82_sl1_55,Kernel_HiRes_Gauss_01.5_to_Gauss_06.0
m82_sl1_56,Kernel_HiRes_Gauss_01.5_to_Gauss_06.0
m82_sl1_57,Kernel_HiRes_Gauss_01.5_to_Gauss_06.0
m82_sl1_58,Kernel_HiRes_Gauss_01.5_to_Gauss_06.0
m82_sl1_59,Kernel_HiRes_Gauss_01.5_to_Gauss_06.0
m82_sl1_60,Kernel_HiRes_Gauss_01.5_to_Gauss_06.0
m82_sl1_61,Kernel_HiRes_Gauss_01.5_to_Gauss_06.0
m82_sl1_62,Kernel_HiRes_Gauss_01.5_to_Gauss_06.0
m82_sl1_63,Kernel_HiRes_Gauss_01.5_to_Gauss_06.0
m82_sl1_64,Kernel_HiRes_Gauss_01.5_to_Gauss_06.0
m82_sl1_65,Kernel_HiRes_Gauss_01.5_to_Gauss_06.0
m82_sl1_66,Kernel_HiRes_Gauss_01.5_to_Gauss_06.0
m82_sl1_67,Kernel_HiRes_Gauss_01.5_to_Gauss_06.0
m82_sl1_68,Kernel_HiRes_Gauss_01.5_to_Gauss_06.0
m82_sl1_69,Kernel_HiRes_Gauss_01.5_to_Gauss_06.0
m82_sl1_70,Kernel_HiRes_Gauss_01.5_to_Gauss_06.0
m82_sl1_71,Kernel_HiRes_Gauss_01.5_to_Gauss_06.0
m82_sl1_72,Kernel_HiRes_Gauss_01.5_to_Gauss_06.0
m82_sl1_73,Kernel_HiRes_Gauss_01.5_to_Gauss_06.0
m82_sl1_74,Kernel_HiRes_Gauss_01.5_to_Gauss_06.0
m82_sl1_75,Kernel_HiRes_Gauss_01.5_to_Gauss_06.0
m82_sl1_76,Kernel_HiRes_Gauss_01.5_to_Gauss_06.0
m82_sl1_77,Kernel_HiRes_Gauss_01.5_to_Gauss_06.0
m82_sl1_78,Kernel_HiRes_Gauss_01.5_to_Gauss_06.0
m82_sl1_79,Kernel_HiRes_Gauss_01.5_to_Gauss_06.0
m82_sl1_80,Kernel_HiRes_Gauss_01.5_to_Gauss_06.0
m82_sl1_81,Kernel_HiRes_Gauss_01.5_to_Gauss_06.0
m82_sl1_82,Kernel_HiRes_Gauss_01.5_to_Gauss_06.0
m82_sl1_83,Kernel_HiRes_Gauss_01.5_to_Gauss_06.0
m82_sl1_84,Kernel_HiRes_Gauss_01.5_to_Gauss_06.0
m82_sl1_85,Kernel_HiRes_Gauss_01.5_to_Gauss_06.0
m82_sl1_86,Kernel_HiRes_Gauss_01.5_to_Gauss_06.0
m82_sl1_87,Kernel_HiRes_Gauss_01.5_to_Gauss_06.0
m82_sl1_88,Kernel_HiRes_Gauss_01.5_to_Gauss_06.0
m82_sl1_89,Kernel_HiRes_Gauss_01.5_to_Gauss_06.0
m82_sl1_90,Kernel_HiRes_Gauss_01.5_to_Gauss_06.0
m82_sl1_91,Kernel_HiRes_Gauss_01.5_to_Gauss_06.0
m82_sl1_92,Kernel_HiRes_Gauss_01.5_to_Gauss_06.0
m82_sl1_93,Kernel_HiRes_Gauss_01.5_to_Gauss_06.0
m82_sl1_94,Kernel_HiRes_Gauss_01.5_to_Gauss_06.0
m82_sl1_95,Kernel_HiRes_Gauss_01.5_to_Gauss_06.0
m82_sl1_96,Kernel_HiRes_Gauss_01.5_to_Gauss_06.0
m82_sl1_97,Kernel_HiRes_Gauss_01.5_to_Gauss_06.0
m82_sl1_98,Kernel_HiRes_Gauss_01.5_to_Gauss_06.0
m82_sl1_99,Kernel_HiRes_Gauss_01.5_to_Gauss_06.0
m82_sl1_100,Kernel_HiRes_Gauss_01.5_to_Gauss_06.0
m82_sl1_101,Kernel_HiRes_Gauss_01.5_to_Gauss_06.0
m82_sl1_102,Kernel_HiRes_Gauss_01.5_to_Gauss_06.0
m82_sl1_103,Kernel_HiRes_Gauss_01.5_to_Gauss_06.0
m82_sl1_104,Kernel_HiRes_Gauss_01.5_to_Gauss_06.0
m82_sl1_105,Kernel_HiRes_Gauss_01.5_to_Gauss_06.0
m82_sl1_106,Kernel_HiRes_Gauss_01.5_to_Gauss_06.0
m82_sl1_107,Kernel_HiRes_Gauss_01.5_to_Gauss_06.0
m82_ll2_4,Kernel_HiRes_Gauss_01.5_to_Gauss_06.0
m82_ll2_5,Kernel_HiRes_Gauss_01.5_to_Gauss_06.0
m82_ll2_6,Kernel_HiRes_Gauss_01.5_to_Gauss_06.0
m82_ll2_7,Kernel_HiRes_Gauss_01.5_to_Gauss_06.0
m82_ll2_8,Kernel_HiRes_Gauss_01.5_to_Gauss_06.0
m82_ll2_9,Kernel_HiRes_Gauss_01.5_to_Gauss_06.0
m82_ll2_10,Kernel_HiRes_Gauss_01.5_to_Gauss_06.0
m82_ll2_11,Kernel_HiRes_Gauss_01.5_to_Gauss_06.0
m82_ll2_12,Kernel_HiRes_Gauss_01.5_to_Gauss_06.0
m82_ll2_13,Kernel_HiRes_Gauss_01.5_to_Gauss_06.0
m82_ll2_14,Kernel_HiRes_Gauss_01.5_to_Gauss_06.0
m82_ll2_15,Kernel_HiRes_Gauss_01.5_to_Gauss_06.0
m82_ll2_16,Kernel_HiRes_Gauss_01.5_to_Gauss_06.0
m82_ll2_17,Kernel_HiRes_Gauss_01.5_to_Gauss_06.0
m82_ll2_18,Kernel_HiRes_Gauss_01.5_to_Gauss_06.0
m82_ll2_19,Kernel_HiRes_Gauss_01.5_to_Gauss_06.0
m82_ll2_20,Kernel_HiRes_Gauss_01.5_to_Gauss_06.0
m82_ll2_21,Kernel_HiRes_Gauss_01.5_to_Gauss_06.0
m82_ll2_22,Kernel_HiRes_Gauss_01.5_to_Gauss_06.0
m82_ll2_23,Kernel_HiRes_Gauss_01.5_to_Gauss_06.0
m82_ll2_24,Kernel_HiRes_Gauss_01.5_to_Gauss_06.0
m82_ll2_25,Kernel_HiRes_Gauss_01.5_to_Gauss_06.0
m82_ll2_26,Kernel_HiRes_Gauss_01.5_to_Gauss_06.0
m82_ll2_27,Kernel_HiRes_Gauss_02.0_to_Gauss_06.0
m82_ll2_28,Kernel_HiRes_Gauss_02.0_to_Gauss_06.0
m82_ll2_29,Kernel_HiRes_Gauss_02.0_to_Gauss_06.0
m82_ll2_30,Kernel_HiRes_Gauss_02.0_to_Gauss_06.0
m82_ll2_31,Kernel_HiRes_Gauss_02.0_to_Gauss_06.0
m82_ll2_32,Kernel_HiRes_Gauss_02.0_to_Gauss_06.0
m82_ll2_33,Kernel_HiRes_Gauss_02.0_to_Gauss_06.0
m82_ll2_34,Kernel_HiRes_Gauss_02.0_to_Gauss_06.0
m82_ll2_35,Kernel_HiRes_Gauss_02.0_to_Gauss_06.0
m82_ll2_36,Kernel_HiRes_Gauss_02.0_to_Gauss_06.0
m82_ll2_37,Kernel_HiRes_Gauss_02.0_to_Gauss_06.0
m82_ll2_38,Kernel_HiRes_Gauss_02.0_to_Gauss_06.0
m82_ll2_39,Kernel_HiRes_Gauss_02.0_to_Gauss_06.0
m82_ll2_40,Kernel_HiRes_Gauss_02.0_to_Gauss_06.0
m82_ll2_41,Kernel_HiRes_Gauss_02.0_to_Gauss_06.0
m82_ll2_42,Kernel_HiRes_Gauss_02.0_to_Gauss_06.0
m82_ll2_43,Kernel_HiRes_Gauss_02.0_to_Gauss_06.0
m82_ll2_44,Kernel_HiRes_Gauss_02.0_to_Gauss_06.0
m82_ll2_45,Kernel_HiRes_Gauss_02.0_to_Gauss_06.0
m82_ll2_46,Kernel_HiRes_Gauss_02.0_to_Gauss_06.0
m82_ll2_47,Kernel_HiRes_Gauss_02.0_to_Gauss_06.0
m82_ll2_48,Kernel_HiRes_Gauss_02.0_to_Gauss_06.0
m82_ll2_49,Kernel_HiRes_Gauss_02.0_to_Gauss_06.0
m82_ll2_50,Kernel_HiRes_Gauss_02.0_to_Gauss_06.0
m82_ll2_51,Kernel_HiRes_Gauss_02.0_to_Gauss_06.0
m82_ll2_52,Kernel_HiRes_Gauss_02.0_to_Gauss_06.0
m82_ll2_53,Kernel_HiRes_Gauss_02.0_to_Gauss_06.0
m82_ll2_54,Kernel_HiRes_Gauss_02.0_to_Gauss_06.0
m82_ll2_55,Kernel_HiRes_Gauss_02.0_to_Gauss_06.0
m82_ll2_56,Kernel_HiRes_Gauss_02.0_to_Gauss_06.0
m82_ll2_57,Kernel_HiRes_Gauss_02.0_to_Gauss_06.0
m82_ll2_58,Kernel_HiRes_Gauss_02.0_to_Gauss_06.0
m82_ll2_59,Kernel_HiRes_Gauss_02.0_to_Gauss_06.0
m82_ll2_60,Kernel_HiRes_Gauss_02.0_to_Gauss_06.0
m82_ll2_61,Kernel_HiRes_Gauss_02.0_to_Gauss_06.0
m82_ll2_62,Kernel_HiRes_Gauss_02.0_to_Gauss_06.0
m82_ll2_63,Kernel_HiRes_Gauss_02.0_to_Gauss_06.0
m82_ll2_64,Kernel_HiRes_Gauss_02.0_to_Gauss_06.0
m82_ll2_65,Kernel_HiRes_Gauss_02.0_to_Gauss_06.0
m82_ll2_66,Kernel_HiRes_Gauss_02.0_to_Gauss_06.0
m82_ll2_67,Kernel_HiRes_Gauss_02.0_to_Gauss_06.0
m82_ll2_68,Kernel_HiRes_Gauss_02.0_to_Gauss_06.0
m82_ll2_69,Kernel_HiRes_Gauss_02.0_to_Gauss_06.0
m82_ll2_70,Kernel_HiRes_Gauss_02.0_to_Gauss_06.0
m82_ll2_71,Kernel_HiRes_Gauss_02.0_to_Gauss_06.0
m82_ll2_72,Kernel_HiRes_Gauss_02.0_to_Gauss_06.0
m82_ll1_2,Kernel_HiRes_Gauss_02.0_to_Gauss_06.0
m82_ll1_3,Kernel_HiRes_Gauss_02.0_to_Gauss_06.0
m82_ll1_4,Kernel_HiRes_Gauss_02.0_to_Gauss_06.0
m82_ll1_5,Kernel_HiRes_Gauss_02.5_to_Gauss_06.0
m82_ll1_6,Kernel_HiRes_Gauss_02.5_to_Gauss_06.0
m82_ll1_7,Kernel_HiRes_Gauss_02.5_to_Gauss_06.0
m82_ll1_8,Kernel_HiRes_Gauss_02.5_to_Gauss_06.0
m82_ll1_9,Kernel_HiRes_Gauss_02.5_to_Gauss_06.0
m82_ll1_10,Kernel_HiRes_Gauss_02.5_to_Gauss_06.0
m82_ll1_11,Kernel_HiRes_Gauss_02.5_to_Gauss_06.0
m82_ll1_12,Kernel_HiRes_Gauss_02.5_to_Gauss_06.0
m82_ll1_13,Kernel_HiRes_Gauss_02.5_to_Gauss_06.0
m82_ll1_14,Kernel_HiRes_Gauss_02.5_to_Gauss_06.0
m82_ll1_15,Kernel_HiRes_Gauss_02.5_to_Gauss_06.0
m82_ll1_16,Kernel_HiRes_Gauss_02.5_to_Gauss_06.0
m82_ll1_17,Kernel_HiRes_Gauss_02.5_to_Gauss_06.0
m82_ll1_18,Kernel_HiRes_Gauss_02.5_to_Gauss_06.0
m82_ll1_19,Kernel_HiRes_Gauss_02.5_to_Gauss_06.0
m82_ll1_20,Kernel_HiRes_Gauss_02.5_to_Gauss_06.0
m82_ll1_21,Kernel_HiRes_Gauss_02.5_to_Gauss_06.0
m82_ll1_22,Kernel_HiRes_Gauss_02.5_to_Gauss_06.0
m82_ll1_23,Kernel_HiRes_Gauss_02.5_to_Gauss_06.0
m82_ll1_24,Kernel_HiRes_Gauss_02.5_to_Gauss_06.0
m82_ll1_25,Kernel_HiRes_Gauss_02.5_to_Gauss_06.0
m82_ll1_26,Kernel_HiRes_Gauss_02.5_to_Gauss_06.0
m82_ll1_27,Kernel_HiRes_Gauss_02.5_to_Gauss_06.0
m82_ll1_28,Kernel_HiRes_Gauss_02.5_to_Gauss_06.0
m82_ll1_29,Kernel_HiRes_Gauss_02.5_to_Gauss_06.0
m82_ll1_30,Kernel_HiRes_Gauss_02.5_to_Gauss_06.0
m82_ll1_31,Kernel_HiRes_Gauss_03.0_to_Gauss_06.0
m82_ll1_32,Kernel_HiRes_Gauss_03.0_to_Gauss_06.0
m82_ll1_33,Kernel_HiRes_Gauss_03.0_to_Gauss_06.0
m82_ll1_34,Kernel_HiRes_Gauss_03.0_to_Gauss_06.0
m82_ll1_35,Kernel_HiRes_Gauss_03.0_to_Gauss_06.0
m82_ll1_36,Kernel_HiRes_Gauss_03.0_to_Gauss_06.0
m82_ll1_37,Kernel_HiRes_Gauss_03.0_to_Gauss_06.0
m82_ll1_38,Kernel_HiRes_Gauss_03.0_to_Gauss_06.0
m82_ll1_39,Kernel_HiRes_Gauss_03.0_to_Gauss_06.0
m82_ll1_40,Kernel_HiRes_Gauss_03.0_to_Gauss_06.0
m82_ll1_41,Kernel_HiRes_Gauss_03.0_to_Gauss_06.0
m82_ll1_42,Kernel_HiRes_Gauss_03.0_to_Gauss_06.0
m82_ll1_43,Kernel_HiRes_Gauss_03.0_to_Gauss_06.0
m82_ll1_44,Kernel_HiRes_Gauss_03.0_to_Gauss_06.0
m82_ll1_45,Kernel_HiRes_Gauss_03.0_to_Gauss_06.0
m82_ll1_46,Kernel_HiRes_Gauss_03.0_to_Gauss_06.0
m82_ll1_47,Kernel_HiRes_Gauss_03.0_to_Gauss_06.0
m82_ll1_48,Kernel_HiRes_Gauss_03.0_to_Gauss_06.0
m82_ll1_49,Kernel_HiRes_Gauss_03.0_to_Gauss_06.0
m82_ll1_50,Kernel_HiRes_Gauss_03.0_to_Gauss_06.0
m82_ll1_51,Kernel_HiRes_Gauss_03.0_to_Gauss_06.0
m82_ll1_52,Kernel_HiRes_Gauss_03.0_to_Gauss_06.0
m82_ll1_53,Kernel_HiRes_Gauss_03.0_to_Gauss_06.0
m82_ll1_54,Kernel_HiRes_Gauss_03.0_to_Gauss_06.0
m82_ll1_55,Kernel_HiRes_Gauss_03.0_to_Gauss_06.0
m82_ll1_56,Kernel_HiRes_Gauss_03.5_to_Gauss_06.0
m82_ll1_57,Kernel_HiRes_Gauss_03.5_to_Gauss_06.0
m82_ll1_58,Kernel_HiRes_Gauss_03.5_to_Gauss_06.0
m82_ll1_59,Kernel_HiRes_Gauss_03.5_to_Gauss_06.0
m82_ll1_60,Kernel_HiRes_Gauss_03.5_to_Gauss_06.0
m82_ll1_61,Kernel_HiRes_Gauss_03.5_to_Gauss_06.0
m82_ll1_62,Kernel_HiRes_Gauss_03.5_to_Gauss_06.0
m82_ll1_63,Kernel_HiRes_Gauss_03.5_to_Gauss_06.0
m82_ll1_64,Kernel_HiRes_Gauss_03.5_to_Gauss_06.0
m82_ll1_65,Kernel_HiRes_Gauss_03.5_to_Gauss_06.0
m82_ll1_66,Kernel_HiRes_Gauss_03.5_to_Gauss_06.0
m82_ll1_67,Kernel_HiRes_Gauss_03.5_to_Gauss_06.0
m82_ll1_68,Kernel_HiRes_Gauss_03.5_to_Gauss_06.0
m82_ll1_69,Kernel_HiRes_Gauss_03.5_to_Gauss_06.0
m82_ll1_70,Kernel_HiRes_Gauss_03.5_to_Gauss_06.0
m82_ll1_71,Kernel_HiRes_Gauss_03.5_to_Gauss_06.0
m82_ll1_72,Kernel_HiRes_Gauss_03.5_to_Gauss_06.0
m82_ll1_73,Kernel_HiRes_Gauss_03.5_to_Gauss_06.0
m82_ll1_74,Kernel_HiRes_Gauss_03.5_to_Gauss_06.0
m82_ll1_75,Kernel_HiRes_Gauss_03.5_to_Gauss_06.0
m82_ll1_76,Kernel_HiRes_Gauss_03.5_to_Gauss_06.0
m82_ll1_77,Kernel_HiRes_Gauss_03.5_to_Gauss_06.0
m82_ll1_78,Kernel_HiRes_Gauss_03.5_to_Gauss_06.0
m82_ll1_79,Kernel_HiRes_Gauss_03.5_to_Gauss_06.0
m82_ll1_80,Kernel_HiRes_Gauss_03.5_to_Gauss_06.0
m82_ll1_81,Kernel_HiRes_Gauss_04.0_to_Gauss_06.0
m82_ll1_82,Kernel_HiRes_Gauss_04.0_to_Gauss_06.0
m82_ll1_83,Kernel_HiRes_Gauss_04.0_to_Gauss_06.0
m82_ll1_84,Kernel_HiRes_Gauss_04.0_to_Gauss_06.0
m82_ll1_85,Kernel_HiRes_Gauss_04.0_to_Gauss_06.0
m82_ll1_86,Kernel_HiRes_Gauss_04.0_to_Gauss_06.0
m82_ll1_87,Kernel_HiRes_Gauss_04.0_to_Gauss_06.0
m82_ll1_88,Kernel_HiRes_Gauss_04.0_to_Gauss_06.0
m82_ll1_89,Kernel_HiRes_Gauss_04.0_to_Gauss_06.0
m82_ll1_90,Kernel_HiRes_Gauss_04.0_to_Gauss_06.0
m82_ll1_91,Kernel_HiRes_Gauss_04.0_to_Gauss_06.0
m82_ll1_92,Kernel_HiRes_Gauss_04.0_to_Gauss_06.0
m82_ll1_93,Kernel_HiRes_Gauss_04.0_to_Gauss_06.0
m82_ll1_94,Kernel_HiRes_Gauss_04.0_to_Gauss_06.0
m82_ll1_95,Kernel_HiRes_Gauss_04.0_to_Gauss_06.0
m82_ll1_96,Kernel_HiRes_Gauss_04.0_to_Gauss_06.0
m82_ll1_97,Kernel_HiRes_Gauss_04.0_to_Gauss_06.0
